  0.000,  0.000,  0.170,  0.000,  0.000,  0.000,  0.000,  0.000,  0.000
  0.012,  0.012,  0.170,  0.000,  0.000,  0.001,  0.000,  0.000,  0.000
  0.014,  0.014,  0.170,  0.000,  0.000,  0.001,  0.000,  0.000,  0.000
  0.014,  0.014,  0.170,  0.000,  0.000,  0.001,  0.000,  0.000,  0.000
  0.012,  0.012,  0.170,  0.000,  0.000, -0.000,  0.000,  0.000,  0.000
  0.009,  0.009,  0.170,  0.000,  0.000,  0.000,  0.000,  0.000,  0.000
 -0.001, -0.001,  0.170,  0.000,  0.000,  0.000,  0.000,  0.000,  0.000
 -0.002, -0.002,  0.170,  0.000,  0.000,  0.002,  0.000,  0.000,  0.000
  0.017,  0.017,  0.170,  0.000,  0.000, -0.002,  0.000,  0.000,  0.000
  0.036,  0.036,  0.170,  0.000,  0.000,  0.000,  0.000,  0.000,  0.000
  0.079,  0.079,  0.170,  0.000,  0.000,  0.004,  0.000,  0.000,  0.000
  0.146,  0.146,  0.170,  0.000,  0.000,  0.003,  0.000,  0.000,  0.000
  0.192,  0.192,  0.170,  0.000,  0.000, -0.001,  0.000,  0.000,  0.000
  0.174,  0.277,  0.172, -0.000, -0.023,  0.007,  0.001,  0.000,  0.000
  0.091,  0.544,  0.187, -0.000, -0.022,  0.006,  0.002,  0.000,  0.000
  0.040,  0.643,  0.188, -0.000,  0.003, -0.023, -0.000,  0.000,  0.000
  0.023,  0.527,  0.184, -0.001,  0.006, -0.025, -0.001,  0.000,  0.000
  0.058,  0.237,  0.170, -0.000, -0.016, -0.009, -0.002,  0.000,  0.000
  0.141, -0.122,  0.152, -0.000, -0.023,  0.002, -0.001,   -nan,  0.000
  0.176, -0.241,  0.145,  0.000, -0.018,  0.004,  0.001,   -nan,  0.000
  0.156, -0.072,  0.153, -0.000, -0.019,  0.005,  0.001,   -nan,  0.000
  0.083,  0.224,  0.162, -0.000, -0.010, -0.004,  0.002,  0.000,  0.000
  0.005,  0.432,  0.174, -0.000, -0.006, -0.010,  0.001,  0.000,  0.000
  0.012,  0.368,  0.171, -0.000, -0.009, -0.014, -0.001,  0.000,  0.000
  0.114, -0.001,  0.152,  0.000, -0.018, -0.004, -0.002,   -nan,  0.000
  0.240, -0.270,  0.135,  0.000, -0.025,  0.012, -0.000,   -nan,  0.000
  0.303,  0.049,  0.146,  0.000, -0.022,  0.006,  0.002,   -nan,  0.000
  0.305,  0.847,  0.179, -0.001, -0.032,  0.015,  0.005,  0.000,  0.000
  0.204,  2.100,  0.236, -0.003, -0.038,  0.022,  0.007,  0.000,  0.000
 -0.015,  3.774,  0.282, -0.004,  0.004, -0.016,  0.009,  0.000,  0.000
 -0.293,  5.539,  0.368, -0.002,  0.047, -0.054,  0.008,  0.000,  0.000
 -0.489,  6.701,  0.400, -0.000,  0.050, -0.062,  0.002,  0.000,  0.000
 -0.454,  6.726,  0.399,  0.000,  0.034, -0.044, -0.001,  0.000,  0.000
 -0.312,  6.335,  0.377, -0.000, -0.018,  0.003, -0.003,  0.000,  0.000
 -0.124,  5.908,  0.351,  0.001, -0.073,  0.054, -0.002,  0.000,  0.000
 -0.023,  5.845,  0.344,  0.002, -0.087,  0.077,  0.001,  0.000,  0.000
  0.019,  6.144,  0.355,  0.001, -0.066,  0.054,  0.002,  0.000,  0.000
 -0.016,  6.770,  0.383, -0.000, -0.025,  0.013,  0.003,  0.000,  0.000
 -0.123,  7.513,  0.403, -0.000, -0.000, -0.010,  0.003,  0.000,  0.000
 -0.174,  7.917,  0.417, -0.000,  0.005, -0.019,  0.000,  0.000,  0.000
 -0.107,  7.840,  0.411, -0.000, -0.004, -0.018, -0.001,  0.000,  0.000
  0.002,  7.763,  0.404, -0.000, -0.019, -0.004, -0.001,  0.000,  0.000
  0.096,  7.809,  0.402, -0.000, -0.031,  0.019,  0.000,  0.000,  0.000
  0.134,  8.071,  0.411, -0.000, -0.031,  0.015,  0.002,  0.000,  0.000
  0.101,  8.629,  0.436, -0.001, -0.026,  0.010,  0.003,  0.000,  0.000
  0.023,  9.417,  0.472, -0.002, -0.036,  0.016,  0.004,  0.000,  0.000
 -0.017, 10.288,  0.511, -0.003, -0.031,  0.013,  0.004,  0.000,  0.000
 -0.102, 11.269,  0.538, -0.004, -0.013, -0.006,  0.004,  0.000,  0.000
 -0.139, 11.860,  0.565, -0.004,  0.008, -0.026,  0.001,  0.000,  0.000
 -0.075, 11.680,  0.555, -0.004, -0.021, -0.005, -0.002,  0.000,  0.000
  0.048, 11.129,  0.526, -0.003, -0.070,  0.042, -0.003,  0.000,  0.000
  0.142, 10.736,  0.506, -0.001, -0.083,  0.050, -0.001,  0.000,  0.000
  0.189, 10.735,  0.504, -0.001, -0.050,  0.033,  0.000,  0.000,  0.000
  0.191, 11.038,  0.516, -0.001, -0.040,  0.022,  0.002,  0.000,  0.000
  0.149, 11.497,  0.538, -0.002, -0.045,  0.026,  0.002,  0.000,  0.000
  0.120, 11.997,  0.560, -0.003, -0.049,  0.029,  0.002,  0.000,  0.000
  0.096, 12.634,  0.588, -0.004, -0.026,  0.008,  0.003,  0.000,  0.000
  0.044, 13.439,  0.610, -0.005, -0.004, -0.012,  0.004,  0.000,  0.000
 -0.064, 14.220,  0.647, -0.005, -0.003, -0.022,  0.004,  0.000,  0.000
 -0.116, 14.367,  0.656, -0.005, -0.000, -0.025, -0.001,  0.000,  0.000
 -0.088, 13.948,  0.637, -0.005, -0.009, -0.015, -0.003,  0.000,  0.000
  0.026, 13.305,  0.605, -0.004, -0.038,  0.013, -0.003,  0.000,  0.000
  0.147, 12.794,  0.578, -0.003, -0.057,  0.034, -0.001,  0.000,  0.000
  0.168, 12.893,  0.581, -0.003, -0.057,  0.036,  0.001,  0.000,  0.000
  0.148, 13.267,  0.598, -0.004, -0.038,  0.019,  0.002,  0.000,  0.000
  0.120, 13.720,  0.618, -0.004, -0.025,  0.004,  0.002,  0.000,  0.000
  0.083, 14.129,  0.630, -0.004,  0.000, -0.021,  0.002,  0.000,  0.000
  0.034, 14.430,  0.645, -0.004,  0.025, -0.033,  0.001,  0.000,  0.000
 -0.028, 14.486,  0.650, -0.004,  0.013, -0.036, -0.000,  0.000,  0.000
 -0.009, 14.012,  0.629, -0.005,  0.028, -0.055, -0.004,  0.000,  0.000
  0.209, 13.213,  0.586, -0.005,  0.009, -0.032, -0.004,  0.000,  0.000
  0.279, 13.347,  0.589, -0.005, -0.006, -0.017,  0.002,  0.000,  0.000
  0.252, 13.897,  0.614, -0.005,  0.004, -0.025,  0.003,  0.000,  0.000
  0.173, 14.777,  0.654, -0.006, -0.018, -0.007,  0.004,  0.000,  0.000
  0.073, 15.807,  0.702, -0.006,  0.008, -0.028,  0.005,  0.000,  0.000
 -0.075, 16.939,  0.756, -0.005,  0.030, -0.050,  0.005,  0.000,  0.000
 -0.215, 17.797,  0.798, -0.003,  0.031, -0.057,  0.002,  0.000,  0.000
 -0.214, 17.788,  0.797, -0.003,  0.019, -0.046, -0.001,  0.000,  0.000
 -0.138, 17.409,  0.778, -0.003, -0.019, -0.012, -0.002,  0.000,  0.000
 -0.024, 16.929,  0.753, -0.002, -0.060,  0.026, -0.002,  0.000,  0.000
  0.057, 16.799,  0.744, -0.002, -0.060,  0.041,  0.000,  0.000,  0.000
  0.126, 16.995,  0.750, -0.002, -0.085,  0.063,  0.001,  0.000,  0.000
  0.085, 17.657,  0.779, -0.005, -0.126,  0.099,  0.004,  0.000,  0.000
 -0.018, 18.510,  0.819, -0.011, -0.159,  0.134,  0.004,  0.000,  0.000
 -0.055, 18.977,  0.840, -0.015, -0.215,  0.178,  0.001,  0.000,  0.000
 -0.047, 18.898,  0.836, -0.014, -0.250,  0.216, -0.001,  0.000,  0.000
  0.011, 18.478,  0.817, -0.009, -0.287,  0.250, -0.003,  0.000,  0.000
  0.139, 17.750,  0.782,  0.003, -0.335,  0.300, -0.004,  0.000,  0.000
  0.215, 17.363,  0.764,  0.009, -0.372,  0.342, -0.000,  0.000,  0.000
  0.231, 17.385,  0.764,  0.009, -0.372,  0.340,  0.000,  0.000,  0.000
  0.242, 17.523,  0.769,  0.007, -0.378,  0.346,  0.001,  0.000,  0.000
  0.216, 17.875,  0.784,  0.001, -0.376,  0.345,  0.001,  0.000,  0.000
  0.188, 18.267,  0.801, -0.005, -0.372,  0.342,  0.002,  0.000,  0.000
  0.150, 18.713,  0.820, -0.013, -0.386,  0.357,  0.002,  0.000,  0.000
  0.073, 19.252,  0.844, -0.023, -0.427,  0.398,  0.003,  0.000,  0.000
 -0.023, 19.683,  0.863, -0.033, -0.484,  0.452,  0.002,  0.000,  0.000
 -0.050, 19.707,  0.865, -0.034, -0.526,  0.491, -0.001,  0.000,  0.000
 -0.017, 19.438,  0.855, -0.027, -0.583,  0.543, -0.002,  0.000,  0.000
  0.055, 19.032,  0.838, -0.015, -0.628,  0.585, -0.002,  0.000,  0.000
  0.161, 18.584,  0.819, -0.001, -0.655,  0.614, -0.002,  0.000,  0.000
  0.243, 18.287,  0.807,  0.008, -0.663,  0.627, -0.001,  0.000,  0.000
  0.271, 18.385,  0.809,  0.007, -0.668,  0.638,  0.001,  0.000,  0.000
  0.235, 18.738,  0.822, -0.004, -0.685,  0.655,  0.002,  0.000,  0.000
  0.156, 19.230,  0.840, -0.019, -0.716,  0.685,  0.003,  0.000,  0.000
  0.072, 19.643,  0.856, -0.033, -0.761,  0.732,  0.002,  0.000,  0.000
 -0.002, 19.848,  0.864, -0.042, -0.814,  0.785,  0.001,  0.000,  0.000
 -0.055, 19.846,  0.865, -0.043, -0.853,  0.832, -0.000,  0.000,  0.000
 -0.050, 19.605,  0.859, -0.035, -0.912,  0.868, -0.002,  0.000,  0.000
  0.026, 19.189,  0.846, -0.019, -0.921,  0.880, -0.002,  0.000,  0.000
  0.130, 18.745,  0.832, -0.000, -0.912,  0.872, -0.002,  0.000,  0.000
  0.237, 18.408,  0.821,  0.014, -0.904,  0.865, -0.001,  0.000,  0.000
  0.260, 18.422,  0.820,  0.015, -0.900,  0.869,  0.001,  0.000,  0.000
  0.212, 18.753,  0.830,  0.002, -0.918,  0.887,  0.002,  0.000,  0.000
  0.123, 19.206,  0.844, -0.017, -0.953,  0.922,  0.003,  0.000,  0.000
  0.001, 19.640,  0.857, -0.036, -1.009,  0.974,  0.002,  0.000,  0.000
 -0.103, 19.924,  0.865, -0.050, -1.059,  1.017,  0.001,  0.000,  0.000
 -0.120, 19.804,  0.863, -0.046, -1.085,  1.042, -0.001,  0.000,  0.000
 -0.081, 19.573,  0.858, -0.036, -1.145,  1.100, -0.001,  0.000,  0.000
  0.012, 19.178,  0.850, -0.017, -1.189,  1.146, -0.002,  0.000,  0.000
  0.163, 18.697,  0.840,  0.008, -1.182,  1.138, -0.003,  0.000,  0.000
  0.266, 18.470,  0.835,  0.020, -1.124,  1.093, -0.001,  0.000,  0.000
  0.283, 18.667,  0.838,  0.014, -1.127,  1.098,  0.002,  0.000,  0.000
  0.226, 19.133,  0.847, -0.007, -1.174,  1.143,  0.002,  0.000,  0.000
  0.134, 19.727,  0.857, -0.034, -1.226,  1.195,  0.003,  0.000,  0.000
  0.057, 20.240,  0.865, -0.057, -1.260,  1.216,  0.002,  0.000,  0.000
  0.002, 20.394,  0.868, -0.066, -1.305,  1.263,  0.001,  0.000,  0.000
 -0.027, 20.387,  0.868, -0.067, -1.348,  1.307, -0.001,  0.000,  0.000
 -0.003, 20.072,  0.866, -0.052, -1.436,  1.390, -0.002,  0.000,  0.000
  0.109, 19.520,  0.863, -0.025, -1.502,  1.456, -0.003,  0.000,  0.000
  0.210, 19.155,  0.862, -0.005, -1.493,  1.451, -0.001,  0.000,  0.000
  0.243, 19.278,  0.862, -0.009, -1.490,  1.452,  0.001,  0.000,  0.000
  0.238, 19.671,  0.863, -0.025, -1.524,  1.487,  0.002,  0.000,  0.000
  0.196, 20.363,  0.863, -0.056, -1.580,  1.542,  0.004,  0.000,  0.000
  0.113, 21.401,  0.861, -0.104, -1.648,  1.607,  0.005,  0.000,  0.000
  0.009, 22.461,  0.857, -0.153, -1.660,  1.622,  0.005,  0.000,  0.000
 -0.139, 23.583,  0.852, -0.206, -1.660,  1.625,  0.005,  0.000,  0.000
 -0.259, 24.612,  0.847, -0.254, -1.694,  1.646,  0.004,  0.000,  0.000
 -0.224, 24.881,  0.846, -0.264, -1.710,  1.665, -0.000,  0.000,  0.000
 -0.124, 24.894,  0.846, -0.260, -1.712,  1.670, -0.001,  0.000,  0.000
 -0.027, 24.896,  0.847, -0.256, -1.673,  1.627, -0.001,  0.000,  0.000
  0.101, 24.753,  0.847, -0.245, -1.595,  1.557, -0.001,  0.000,  0.000
  0.225, 24.480,  0.848, -0.228, -1.603,  1.560, -0.002,  0.000,  0.000
  0.293, 24.288,  0.848, -0.217, -1.612,  1.569,  0.000,  0.000,  0.000
  0.311, 24.457,  0.848, -0.224, -1.577,  1.543,  0.001,  0.000,  0.000
  0.277, 24.949,  0.848, -0.246, -1.543,  1.508,  0.002,  0.000,  0.000
  0.224, 25.621,  0.849, -0.276, -1.551,  1.513,  0.003,  0.000,  0.000
  0.164, 26.161,  0.849, -0.302, -1.591,  1.549,  0.002,  0.000,  0.000
  0.097, 26.604,  0.848, -0.323, -1.621,  1.577,  0.002,  0.000,  0.000
  0.093, 26.774,  0.848, -0.330, -1.624,  1.577, -0.000,  0.000,  0.000
  0.155, 26.605,  0.849, -0.321, -1.650,  1.600, -0.001,  0.000,  0.000
  0.249, 26.323,  0.850, -0.305, -1.659,  1.613, -0.001,  0.000,  0.000
  0.343, 26.083,  0.851, -0.291, -1.690,  1.640, -0.001,  0.000,  0.000
  0.373, 25.985,  0.852, -0.285, -1.687,  1.639,  0.000,  0.000,  0.000
  0.361, 26.124,  0.852, -0.292, -1.668,  1.627,  0.001,  0.000,  0.000
  0.313, 26.506,  0.850, -0.310, -1.647,  1.607,  0.003,  0.000,  0.000
  0.248, 27.095,  0.848, -0.337, -1.613,  1.572,  0.002,  0.000,  0.000
  0.219, 27.473,  0.848, -0.355, -1.589,  1.551,  0.001,  0.000,  0.000
  0.179, 27.774,  0.847, -0.369, -1.628,  1.582,  0.001,  0.000,  0.000
  0.140, 28.072,  0.846, -0.383, -1.644,  1.600,  0.001,  0.000,  0.000
  0.145, 28.247,  0.846, -0.390, -1.638,  1.582, -0.000,  0.000,  0.000
  0.240, 27.764,  0.847, -0.366, -1.641,  1.586, -0.004,  0.000,  0.000
  0.424, 26.970,  0.850, -0.325, -1.644,  1.597, -0.004,  0.000,  0.000
  0.488, 26.854,  0.851, -0.317, -1.634,  1.588,  0.001,  0.000,  0.000
  0.449, 27.396,  0.850, -0.342, -1.622,  1.574,  0.003,  0.000,  0.000
  0.352, 28.246,  0.848, -0.382, -1.600,  1.554,  0.004,  0.000,  0.000
  0.247, 29.144,  0.847, -0.424, -1.597,  1.554,  0.004,  0.000,  0.000
  0.150, 30.096,  0.845, -0.468, -1.616,  1.570,  0.005,  0.000,  0.000
  0.029, 31.284,  0.842, -0.523, -1.624,  1.581,  0.005,  0.000,  0.000
 -0.054, 32.344,  0.840, -0.571, -1.608,  1.562,  0.004,  0.000,  0.000
 -0.074, 33.231,  0.840, -0.610, -1.586,  1.550,  0.003,  0.000,  0.000
 -0.071, 33.600,  0.839, -0.625, -1.615,  1.557,  0.000,  0.000,  0.000
 -0.074, 33.511,  0.839, -0.621, -1.600,  1.544, -0.001,  0.000,  0.000
  0.010, 33.062,  0.840, -0.599, -1.603,  1.557, -0.002,  0.000,  0.000
  0.123, 32.675,  0.841, -0.578, -1.665,  1.601, -0.001,  0.000,  0.000
  0.148, 32.764,  0.841, -0.581, -1.629,  1.590,  0.000,  0.000,  0.000
  0.224, 32.907,  0.841, -0.583, -1.648,  1.606,  0.001,  0.000,  0.000
  0.249, 33.391,  0.839, -0.603, -1.663,  1.613,  0.003,  0.000,  0.000
  0.173, 34.207,  0.836, -0.640, -1.660,  1.613,  0.004,  0.000,  0.000
  0.082, 35.030,  0.833, -0.679, -1.635,  1.590,  0.004,  0.000,  0.000
 -0.042, 35.859,  0.831, -0.719, -1.632,  1.580,  0.003,  0.000,  0.000
 -0.113, 36.211,  0.830, -0.737, -1.606,  1.556,  0.000,  0.000,  0.000
 -0.073, 35.957,  0.830, -0.724, -1.606,  1.552, -0.002,  0.000,  0.000
  0.020, 35.478,  0.831, -0.700, -1.613,  1.560, -0.003,  0.000,  0.000
  0.162, 34.937,  0.832, -0.671, -1.615,  1.560, -0.003,  0.000,  0.000
  0.282, 34.598,  0.833, -0.652, -1.624,  1.574, -0.000,  0.000,  0.000
  0.310, 34.716,  0.833, -0.656, -1.606,  1.558,  0.001,  0.000,  0.000
  0.284, 35.152,  0.833, -0.675, -1.593,  1.543,  0.003,  0.000,  0.000
  0.207, 35.932,  0.832, -0.711, -1.584,  1.535,  0.004,  0.000,  0.000
  0.133, 36.753,  0.832, -0.749, -1.585,  1.537,  0.004,  0.000,  0.000
  0.041, 37.649,  0.831, -0.791, -1.575,  1.524,  0.004,  0.000,  0.000
 -0.086, 38.555,  0.832, -0.834, -1.554,  1.505,  0.004,  0.000,  0.000
 -0.164, 39.131,  0.832, -0.862, -1.551,  1.500,  0.001,  0.000,  0.000
 -0.137, 39.043,  0.832, -0.857, -1.569,  1.514, -0.001,  0.000,  0.000
 -0.075, 38.691,  0.832, -0.840, -1.594,  1.536, -0.002,  0.000,  0.000
  0.027, 38.190,  0.833, -0.814, -1.622,  1.565, -0.003,  0.000,  0.000
  0.153, 37.710,  0.835, -0.789, -1.637,  1.578, -0.002,  0.000,  0.000
  0.229, 37.462,  0.836, -0.775, -1.620,  1.572,  0.000,  0.000,  0.000
  0.243, 37.591,  0.836, -0.780, -1.635,  1.588,  0.001,  0.000,  0.000
  0.247, 37.929,  0.834, -0.794, -1.690,  1.637,  0.002,  0.000,  0.000
  0.219, 38.507,  0.830, -0.819, -1.722,  1.665,  0.003,  0.000,  0.000
  0.146, 39.214,  0.826, -0.852, -1.677,  1.629,  0.003,  0.000,  0.000
  0.075, 39.987,  0.822, -0.887, -1.707,  1.652,  0.004,  0.000,  0.000
 -0.030, 40.796,  0.817, -0.925, -1.705,  1.655,  0.004,  0.000,  0.000
 -0.087, 41.281,  0.814, -0.948, -1.717,  1.659,  0.000,  0.000,  0.000
 -0.067, 41.256,  0.814, -0.946, -1.727,  1.666, -0.000,  0.000,  0.000
 -0.030, 41.052,  0.816, -0.936, -1.698,  1.643, -0.001,  0.000,  0.000
  0.070, 40.629,  0.818, -0.914, -1.696,  1.635, -0.003,  0.000,  0.000
  0.214, 40.136,  0.821, -0.887, -1.682,  1.625, -0.002,  0.000,  0.000
  0.290, 39.999,  0.822, -0.879, -1.679,  1.626,  0.001,  0.000,  0.000
  0.286, 40.323,  0.821, -0.892, -1.654,  1.602,  0.002,  0.000,  0.000
  0.225, 40.958,  0.819, -0.922, -1.634,  1.582,  0.003,  0.000,  0.000
  0.127, 41.822,  0.817, -0.962, -1.634,  1.582,  0.004,  0.000,  0.000
  0.021, 42.519,  0.815, -0.996, -1.632,  1.584,  0.003,  0.000,  0.000
 -0.028, 42.822,  0.814, -1.011, -1.644,  1.587,  0.000,  0.000,  0.000
 -0.029, 42.655,  0.814, -1.004, -1.644,  1.585, -0.001,  0.000,  0.000
  0.019, 42.266,  0.816, -0.985, -1.650,  1.592, -0.002,  0.000,  0.000
  0.133, 41.729,  0.818, -0.958, -1.661,  1.602, -0.003,  0.000,  0.000
  0.242, 41.325,  0.820, -0.937, -1.682,  1.614, -0.001,  0.000,  0.000
  0.258, 41.344,  0.820, -0.937, -1.688,  1.633,  0.001,  0.000,  0.000
  0.206, 41.735,  0.817, -0.955, -1.722,  1.665,  0.002,  0.000,  0.000
  0.113, 42.299,  0.813, -0.982, -1.755,  1.700,  0.003,  0.000,  0.000
 -0.001, 42.891,  0.807, -1.012, -1.786,  1.730,  0.003,  0.000,  0.000
 -0.065, 43.257,  0.803, -1.029, -1.809,  1.747,  0.000,  0.000,  0.000
 -0.044, 43.121,  0.804, -1.023, -1.836,  1.772, -0.001,  0.000,  0.000
  0.007, 42.755,  0.809, -1.006, -1.878,  1.810, -0.002,  0.000,  0.000
  0.089, 42.288,  0.817, -0.984, -1.910,  1.844, -0.002,  0.000,  0.000
  0.201, 41.768,  0.826, -0.959, -1.927,  1.863, -0.002,  0.000,  0.000
  0.233, 41.601,  0.829, -0.951, -1.914,  1.857,  0.000,  0.000,  0.000
  0.207, 41.835,  0.825, -0.962, -1.897,  1.843,  0.002,  0.000,  0.000
  0.132, 42.334,  0.818, -0.984, -1.901,  1.845,  0.003,  0.000,  0.000
  0.038, 42.911,  0.808, -1.011, -1.918,  1.858,  0.003,  0.000,  0.000
 -0.025, 43.329,  0.801, -1.030, -1.928,  1.881,  0.001,  0.000,  0.000
 -0.015, 43.352,  0.801, -1.031, -2.011,  1.946, -0.000,  0.000,  0.000
  0.005, 43.198,  0.804, -1.024, -2.073,  2.001, -0.001,  0.000,  0.000
  0.071, 42.890,  0.812, -1.011, -2.103,  2.034, -0.002,  0.000,  0.000
  0.196, 42.440,  0.825, -0.990, -2.140,  2.070, -0.003,  0.000,  0.000
  0.304, 42.070,  0.836, -0.973, -2.183,  2.104, -0.001,  0.000,  0.000
  0.292, 42.106,  0.835, -0.975, -2.174,  2.112,  0.001,  0.000,  0.000
  0.223, 42.435,  0.825, -0.989, -2.190,  2.127,  0.002,  0.000,  0.000
  0.119, 43.012,  0.808, -1.012, -2.228,  2.164,  0.003,  0.000,  0.000
  0.024, 43.497,  0.793, -1.031, -2.279,  2.215,  0.002,  0.000,  0.000
 -0.065, 43.780,  0.782, -1.042, -2.344,  2.278,  0.001,  0.000,  0.000
 -0.148, 43.793,  0.779, -1.045, -2.398,  2.346, -0.000,  0.000,  0.000
 -0.168, 43.571,  0.786, -1.039, -2.480,  2.420, -0.001,  0.000,  0.000
 -0.115, 43.210,  0.800, -1.029, -2.579,  2.499, -0.002,  0.000,  0.000
 -0.050, 42.855,  0.815, -1.020, -2.632,  2.556, -0.002,  0.000,  0.000
  0.014, 42.630,  0.826, -1.015, -2.682,  2.602, -0.001,  0.000,  0.000
  0.092, 42.561,  0.832, -1.012, -2.726,  2.649, -0.000,  0.000,  0.000
  0.146, 42.640,  0.831, -1.013, -2.739,  2.679,  0.001,  0.000,  0.000
  0.129, 42.957,  0.818, -1.018, -2.790,  2.722,  0.002,  0.000,  0.000
  0.029, 43.444,  0.794, -1.026, -2.841,  2.772,  0.003,  0.000,  0.000
 -0.085, 43.866,  0.772, -1.032, -2.889,  2.812,  0.002,  0.000,  0.000
 -0.138, 43.906,  0.769, -1.033, -2.916,  2.847, -0.000,  0.000,  0.000
 -0.136, 43.651,  0.779, -1.031, -2.976,  2.895, -0.001,  0.000,  0.000
 -0.075, 43.122,  0.804, -1.027, -3.009,  2.937, -0.003,  0.000,  0.000
  0.020, 42.460,  0.836, -1.023, -3.020,  2.948, -0.003,  0.000,  0.000
  0.159, 41.742,  0.871, -1.019, -3.029,  2.962, -0.003,  0.000,  0.000
  0.259, 41.232,  0.897, -1.016, -3.049,  2.971, -0.002,  0.000,  0.000
  0.296, 41.052,  0.906, -1.015, -3.039,  2.994, -0.000,  0.000,  0.000
  0.287, 41.145,  0.902, -1.016, -3.080,  3.027,  0.001,  0.000,  0.000
  0.243, 41.595,  0.881, -1.016, -3.114,  3.051,  0.003,  0.000,  0.000
  0.147, 42.478,  0.840, -1.018, -3.100,  3.037,  0.004,  0.000,  0.000
  0.043, 43.403,  0.796, -1.020, -3.101,  3.039,  0.004,  0.000,  0.000
 -0.071, 44.406,  0.749, -1.020, -3.145,  3.080,  0.005,  0.000,  0.000
 -0.211, 45.450,  0.699, -1.019, -3.188,  3.114,  0.005,  0.000,  0.000
 -0.301, 46.153,  0.666, -1.017, -3.200,  3.129,  0.001,  0.000,  0.000
 -0.245, 46.224,  0.665, -1.017, -3.235, -3.127, -0.001,  0.000,  0.000
 -0.099, 46.043,  0.679, -1.018, -3.227, -3.122, -0.002,  0.000,  0.000
  0.063, 45.731,  0.699, -1.020, -3.196,  3.126, -0.002,  0.000,  0.000
  0.189, 45.420,  0.718, -1.020, -3.136,  3.074, -0.002,  0.000,  0.000
  0.294, 45.191,  0.732, -1.020, -3.141,  3.065, -0.001,  0.000,  0.000
  0.321, 45.349,  0.726, -1.020, -3.104,  3.048,  0.001,  0.000,  0.000
  0.282, 45.860,  0.703, -1.021, -3.105,  3.048,  0.003,  0.000,  0.000
  0.223, 46.478,  0.674, -1.022, -3.119,  3.059,  0.003,  0.000,  0.000
  0.155, 47.080,  0.646, -1.022, -3.134,  3.074,  0.003,  0.000,  0.000
  0.051, 47.813,  0.611, -1.022, -3.135,  3.073,  0.004,  0.000,  0.000
 -0.051, 48.532,  0.576, -1.023, -3.096,  3.024,  0.003,  0.000,  0.000
 -0.080, 48.863,  0.561, -1.025, -3.080,  3.022,  0.001,  0.000,  0.000
 -0.040, 48.769,  0.567, -1.025, -3.137,  3.065, -0.001,  0.000,  0.000
  0.032, 48.449,  0.583, -1.025, -3.197,  3.123, -0.002,  0.000,  0.000
  0.187, 47.853,  0.615, -1.028, -3.215, -3.137, -0.004,  0.000,  0.000
  0.366, 47.268,  0.647, -1.029, -3.156,  3.087, -0.002,  0.000,  0.000
  0.430, 47.272,  0.650, -1.029, -3.108,  3.044,  0.000,  0.000,  0.000
  0.415, 47.584,  0.636, -1.029, -3.110,  3.047,  0.002,  0.000,  0.000
  0.356, 48.039,  0.614, -1.030, -3.113,  3.049,  0.002,  0.000,  0.000
  0.295, 48.609,  0.588, -1.030, -3.124,  3.061,  0.003,  0.000,  0.000
  0.217, 49.253,  0.557, -1.031, -3.108,  3.047,  0.003,  0.000,  0.000
  0.141, 49.899,  0.527, -1.033, -3.093,  3.033,  0.003,  0.000,  0.000
  0.063, 50.527,  0.497, -1.034, -3.091,  3.032,  0.003,  0.000,  0.000
 -0.016, 51.096,  0.470, -1.035, -3.091,  3.025,  0.002,  0.000,  0.000
 -0.009, 51.193,  0.466, -1.036, -3.075,  3.007, -0.001,  0.000,  0.000
  0.095, 50.806,  0.486, -1.034, -3.061,  2.992, -0.003,  0.000,  0.000
  0.250, 50.293,  0.515, -1.031, -3.051,  2.984, -0.003,  0.000,  0.000
  0.361, 50.048,  0.529, -1.030, -3.067,  3.008,  0.000,  0.000,  0.000
  0.373, 50.304,  0.519, -1.031, -3.088,  3.025,  0.002,  0.000,  0.000
  0.335, 50.844,  0.495, -1.032, -3.086,  3.026,  0.003,  0.000,  0.000
  0.285, 51.528,  0.464, -1.034, -3.087,  3.026,  0.003,  0.000,  0.000
  0.249, 52.221,  0.433, -1.036, -3.075,  3.017,  0.003,  0.000,  0.000
  0.195, 52.998,  0.398, -1.038, -3.071,  3.012,  0.004,  0.000,  0.000
  0.103, 53.832,  0.359, -1.041, -3.086,  3.022,  0.004,  0.000,  0.000
 -0.016, 54.699,  0.318, -1.042, -3.105,  3.041,  0.003,  0.000,  0.000
 -0.040, 55.047,  0.302, -1.043, -3.123,  3.054, -0.000,  0.000,  0.000
  0.031, 54.836,  0.314, -1.043, -3.162,  3.089, -0.002,  0.000,  0.000
  0.148, 54.443,  0.336, -1.044, -3.184,  3.115, -0.002,  0.000,  0.000
  0.248, 54.154,  0.352, -1.044, -3.178,  3.108, -0.001,  0.000,  0.000
  0.271, 54.126,  0.354, -1.044, -3.172,  3.108,  0.001,  0.000,  0.000
  0.230, 54.441,  0.339, -1.044, -3.174,  3.109,  0.002,  0.000,  0.000
  0.151, 54.969,  0.313, -1.043, -3.180,  3.116,  0.003,  0.000,  0.000
  0.060, 55.606,  0.283, -1.042, -3.184,  3.120,  0.003,  0.000,  0.000
 -0.033, 56.238,  0.252, -1.041, -3.166,  3.104,  0.003,  0.000,  0.000
 -0.093, 56.682,  0.231, -1.041, -3.141,  3.072,  0.001,  0.000,  0.000
 -0.081, 56.578,  0.236, -1.041, -3.113,  3.050, -0.001,  0.000,  0.000
 -0.041, 56.233,  0.252, -1.040, -3.126,  3.053, -0.002,  0.000,  0.000
  0.031, 55.714,  0.277, -1.039, -3.105,  3.040, -0.003,  0.000,  0.000
  0.149, 55.169,  0.305, -1.038, -3.101,  3.027, -0.003,  0.000,  0.000
  0.245, 54.966,  0.317, -1.038, -3.053,  2.994,  0.001,  0.000,  0.000
  0.199, 55.379,  0.298, -1.039, -3.044,  2.983,  0.003,  0.000,  0.000
  0.114, 56.048,  0.267, -1.042, -3.058,  2.993,  0.004,  0.000,  0.000
  0.020, 56.788,  0.232, -1.045, -3.056,  2.997,  0.004,  0.000,  0.000
 -0.060, 57.555,  0.196, -1.048, -3.058,  2.997,  0.004,  0.000,  0.000
 -0.149, 58.342,  0.159, -1.052, -3.034,  2.982,  0.004,  0.000,  0.000
 -0.215, 58.966,  0.130, -1.054, -3.087,  3.035,  0.002,  0.000,  0.000
 -0.201, 59.115,  0.125, -1.055, -3.188,  3.131, -0.001,  0.000,  0.000
 -0.148, 58.888,  0.136, -1.056, -3.264, -3.094, -0.002,  0.000,  0.000
 -0.091, 58.454,  0.157, -1.058, -3.255, -3.096, -0.002,  0.000,  0.000
 -0.003, 57.933,  0.182, -1.061, -3.235, -3.117, -0.003,  0.000,  0.000
  0.099, 57.544,  0.203, -1.063, -3.207, -3.138, -0.001,  0.000,  0.000
  0.125, 57.576,  0.203, -1.063, -3.225, -3.119,  0.001,  0.000,  0.000
  0.117, 57.867,  0.190, -1.061, -3.258, -3.088,  0.002,  0.000,  0.000
  0.078, 58.351,  0.168, -1.058, -3.321, -3.030,  0.003,  0.000,  0.000
  0.053, 58.910,  0.144, -1.052, -3.386, -2.967,  0.003,  0.000,  0.000
  0.003, 59.466,  0.120, -1.046, -3.424, -2.931,  0.002,  0.000,  0.000
 -0.054, 59.746,  0.106, -1.041, -3.453, -2.897,  0.001,  0.000,  0.000
 -0.073, 59.733,  0.106, -1.041, -3.492, -2.863, -0.001,  0.000,  0.000
 -0.029, 59.402,  0.120, -1.048, -3.558, -2.802, -0.002,  0.000,  0.000
  0.074, 58.915,  0.143, -1.058, -3.597, -2.763, -0.002,  0.000,  0.000
  0.176, 58.475,  0.163, -1.068, -3.614, -2.749, -0.002,  0.000,  0.000
  0.226, 58.220,  0.175, -1.074, -3.615, -2.744, -0.001,  0.000,  0.000
  0.192, 58.353,  0.169, -1.071, -3.618, -2.737,  0.001,  0.000,  0.000
  0.109, 58.712,  0.152, -1.063, -3.589, -2.764,  0.002,  0.000,  0.000
  0.002, 59.260,  0.127, -1.051, -3.576, -2.777,  0.003,  0.000,  0.000
 -0.058, 59.652,  0.110, -1.043, -3.585, -2.772,  0.000,  0.000,  0.000
 -0.068, 59.591,  0.112, -1.044, -3.614, -2.753, -0.001,  0.000,  0.000
 -0.051, 59.348,  0.121, -1.049, -3.620, -2.743, -0.001,  0.000,  0.000
 -0.010, 59.001,  0.136, -1.057, -3.637, -2.723, -0.002,  0.000,  0.000
  0.049, 58.710,  0.149, -1.064, -3.680, -2.683, -0.001,  0.000,  0.000
  0.064, 58.622,  0.152, -1.066, -3.714, -2.641,  0.000,  0.000,  0.000
  0.050, 58.776,  0.146, -1.062, -3.758, -2.599,  0.001,  0.000,  0.000
 -0.028, 59.284,  0.127, -1.047, -3.806, -2.552,  0.003,  0.000,  0.000
 -0.141, 59.939,  0.101, -1.027, -3.820, -2.535,  0.003,  0.000,  0.000
 -0.202, 60.496,  0.081, -1.011, -3.834, -2.509,  0.002,  0.000,  0.000
 -0.211, 60.757,  0.073, -1.003, -3.912, -2.431,  0.001,  0.000,  0.000
 -0.154, 60.756,  0.074, -1.005, -3.971, -2.393, -0.001,  0.000,  0.000
 -0.054, 60.467,  0.085, -1.017, -4.017, -2.351, -0.002,  0.000,  0.000
  0.075, 60.035,  0.100, -1.036, -4.067, -2.302, -0.002,  0.000,  0.000
  0.132, 59.833,  0.106, -1.045, -4.102, -2.257, -0.000,  0.000,  0.000
  0.154, 59.855,  0.106, -1.045, -4.120, -2.228,  0.000,  0.000,  0.000
  0.134, 60.101,  0.100, -1.035, -4.163, -2.200,  0.002,  0.000,  0.000
  0.095, 60.543,  0.090, -1.018, -4.197, -2.164,  0.002,  0.000,  0.000
  0.057, 61.024,  0.080, -0.998, -4.233, -2.137,  0.002,  0.000,  0.000
  0.079, 61.146,  0.078, -0.995, -4.250, -2.118, -0.001,  0.000,  0.000
  0.169, 60.897,  0.083, -1.008, -4.330, -2.043, -0.002,  0.000,  0.000
  0.315, 60.423,  0.091, -1.033, -4.430, -1.951, -0.002,  0.000,  0.000
  0.320, 60.210,  0.094, -1.041, -4.443, -1.924,  0.000,  0.000,  0.000
  0.253, 60.335,  0.092, -1.034, -4.448, -1.919,  0.001,  0.000,  0.000
  0.177, 60.635,  0.088, -1.018, -4.485, -1.882,  0.002,  0.000,  0.000
  0.089, 61.101,  0.084, -0.995, -4.513, -1.854,  0.002,  0.000,  0.000
 -0.001, 61.663,  0.078, -0.968, -4.535, -1.834,  0.003,  0.000,  0.000
 -0.067, 62.168,  0.074, -0.945, -4.558, -1.801,  0.002,  0.000,  0.000
 -0.022, 62.233,  0.074, -0.944, -4.615, -1.758, -0.001,  0.000,  0.000
  0.073, 62.074,  0.075, -0.954, -4.629, -1.744, -0.001,  0.000,  0.000
  0.209, 61.703,  0.077, -0.976, -4.601, -1.773, -0.002,  0.000,  0.000
  0.294, 61.425,  0.079, -0.991, -4.592, -1.777,  0.000,  0.000,  0.000
  0.248, 61.646,  0.077, -0.980, -4.569, -1.799,  0.002,  0.000,  0.000
  0.142, 62.184,  0.074, -0.953, -4.594, -1.771,  0.003,  0.000,  0.000
  0.013, 62.887,  0.072, -0.918, -4.717, -1.664,  0.003,  0.000,  0.000
 -0.014, 63.357,  0.073, -0.897, -4.809, -1.566,  0.001,  0.000,  0.000
  0.047, 63.536,  0.074, -0.892, -4.839, -1.546,  0.000,  0.000,  0.000
  0.128, 63.528,  0.073, -0.896, -4.805, -1.579, -0.001,  0.000,  0.000
  0.294, 63.197,  0.072, -0.917, -4.757, -1.611, -0.002,  0.000,  0.000
  0.396, 63.048,  0.072, -0.927, -4.711, -1.656,  0.001,  0.000,  0.000
  0.354, 63.459,  0.072, -0.908, -4.712, -1.660,  0.003,  0.000,  0.000
  0.281, 64.134,  0.072, -0.877, -4.742, -1.628,  0.004,  0.000,  0.000
  0.160, 65.180,  0.075, -0.827, -4.791, -1.586,  0.005,  0.000,  0.000
  0.025, 66.168,  0.080, -0.780, -4.814, -1.558,  0.005,  0.000,  0.000
 -0.103, 67.080,  0.085, -0.737, -4.843, -1.532,  0.004,  0.000,  0.000
 -0.162, 67.787,  0.089, -0.705, -4.872, -1.510,  0.002,  0.000,  0.000
 -0.116, 68.006,  0.091, -0.698, -4.870, -1.512,  0.000,  0.000,  0.000
 -0.022, 68.021,  0.090, -0.701, -4.838, -1.542, -0.001,  0.000,  0.000
  0.066, 67.929,  0.090, -0.708, -4.765, -1.609, -0.001,  0.000,  0.000
  0.143, 67.678,  0.089, -0.722, -4.739, -1.643, -0.002,  0.000,  0.000
  0.276, 67.196,  0.088, -0.748, -4.744, -1.636, -0.003,  0.000,  0.000
  0.351, 66.907,  0.088, -0.763, -4.709, -1.666, -0.000,  0.000,  0.000
  0.338, 67.077,  0.088, -0.756, -4.700, -1.673,  0.001,  0.000,  0.000
  0.292, 67.513,  0.088, -0.735, -4.711, -1.661,  0.002,  0.000,  0.000
  0.219, 68.181,  0.088, -0.704, -4.722, -1.651,  0.004,  0.000,  0.000
  0.105, 69.074,  0.089, -0.662, -4.733, -1.641,  0.004,  0.000,  0.000
  0.007, 69.865,  0.090, -0.624, -4.757, -1.617,  0.003,  0.000,  0.000
 -0.065, 70.499,  0.092, -0.595, -4.788, -1.586,  0.003,  0.000,  0.000
 -0.107, 70.865,  0.094, -0.577, -4.821, -1.557,  0.001,  0.000,  0.000
 -0.120, 70.938,  0.094, -0.574, -4.830, -1.565, -0.001,  0.000,  0.000
 -0.091, 70.762,  0.093, -0.582, -4.786, -1.592, -0.001,  0.000,  0.000
  0.012, 70.355,  0.092, -0.604, -4.743, -1.635, -0.002,  0.000,  0.000
  0.106, 70.086,  0.092, -0.619, -4.731, -1.641, -0.001,  0.000,  0.000
  0.158, 70.087,  0.092, -0.621, -4.747, -1.627,  0.000,  0.000,  0.000
  0.225, 70.227,  0.092, -0.618, -4.774, -1.605,  0.000,  0.000,  0.000
  0.266, 70.541,  0.093, -0.607, -4.783, -1.596,  0.002,  0.000,  0.000
  0.227, 71.111,  0.094, -0.581, -4.770, -1.607,  0.003,  0.000,  0.000
  0.140, 71.833,  0.096, -0.547, -4.768, -1.611,  0.003,  0.000,  0.000
  0.059, 72.494,  0.098, -0.516, -4.766, -1.609,  0.003,  0.000,  0.000
 -0.048, 73.146,  0.100, -0.484, -4.757, -1.617,  0.003,  0.000,  0.000
 -0.168, 73.646,  0.101, -0.458, -4.751, -1.620,  0.002,  0.000,  0.000
 -0.214, 73.815,  0.101, -0.449, -4.749, -1.625,  0.000,  0.000,  0.000
 -0.187, 73.688,  0.101, -0.455, -4.770, -1.609, -0.001,  0.000,  0.000
 -0.121, 73.500,  0.100, -0.466, -4.782, -1.596, -0.001,  0.000,  0.000
 -0.031, 73.324,  0.099, -0.477, -4.778, -1.602, -0.001,  0.000,  0.000
  0.100, 73.147,  0.098, -0.490, -4.794, -1.590, -0.001,  0.000,  0.000
  0.214, 73.101,  0.098, -0.497, -4.801, -1.587,  0.000,  0.000,  0.000
  0.252, 73.312,  0.098, -0.489, -4.775, -1.602,  0.001,  0.000,  0.000
  0.228, 73.711,  0.099, -0.472, -4.749, -1.626,  0.002,  0.000,  0.000
  0.170, 74.244,  0.100, -0.447, -4.747, -1.632,  0.003,  0.000,  0.000
  0.080, 74.882,  0.101, -0.416, -4.753, -1.625,  0.003,  0.000,  0.000
 -0.030, 75.564,  0.102, -0.383, -4.757, -1.618,  0.003,  0.000,  0.000
 -0.132, 76.182,  0.104, -0.352, -4.762, -1.611,  0.002,  0.000,  0.000
 -0.152, 76.460,  0.104, -0.340, -4.774, -1.603,  0.000,  0.000,  0.000
 -0.124, 76.404,  0.104, -0.343, -4.790, -1.597, -0.001,  0.000,  0.000
 -0.074, 76.131,  0.103, -0.357, -4.786, -1.595, -0.002,  0.000,  0.000
  0.022, 75.706,  0.102, -0.379, -4.773, -1.607, -0.003,  0.000,  0.000
  0.143, 75.259,  0.100, -0.403, -4.759, -1.619, -0.002,  0.000,  0.000
  0.202, 75.159,  0.100, -0.409, -4.743, -1.631,  0.000,  0.000,  0.000
  0.229, 75.252,  0.100, -0.407, -4.724, -1.647,  0.001,  0.000,  0.000
  0.208, 75.636,  0.100, -0.390, -4.718, -1.657,  0.003,  0.000,  0.000
  0.145, 76.294,  0.100, -0.359, -4.709, -1.670,  0.003,  0.000,  0.000
  0.062, 76.992,  0.100, -0.326, -4.677, -1.699,  0.003,  0.000,  0.000
 -0.016, 77.632,  0.099, -0.296, -4.695, -1.683,  0.003,  0.000,  0.000
 -0.115, 78.377,  0.099, -0.260, -4.759, -1.617,  0.003,  0.000,  0.000
 -0.243, 79.054,  0.101, -0.226, -4.762, -1.616,  0.003,  0.000,  0.000
 -0.283, 79.390,  0.101, -0.211, -4.717, -1.660,  0.000,  0.000,  0.000
 -0.233, 79.320,  0.102, -0.216, -4.685, -1.691, -0.001,  0.000,  0.000
 -0.151, 79.095,  0.102, -0.229, -4.667, -1.716, -0.002,  0.000,  0.000
 -0.046, 78.757,  0.104, -0.247, -4.610, -1.765, -0.002,  0.000,  0.000
  0.095, 78.365,  0.106, -0.270, -4.592, -1.790, -0.002,  0.000,  0.000
  0.215, 78.085,  0.108, -0.286, -4.606, -1.776, -0.001,  0.000,  0.000
  0.237, 78.139,  0.108, -0.285, -4.593, -1.782,  0.001,  0.000,  0.000
  0.215, 78.392,  0.107, -0.273, -4.624, -1.753,  0.001,  0.000,  0.000
  0.162, 78.785,  0.106, -0.255, -4.685, -1.698,  0.002,  0.000,  0.000
  0.114, 79.206,  0.106, -0.235, -4.747, -1.636,  0.002,  0.000,  0.000
  0.057, 79.640,  0.107, -0.214, -4.795, -1.591,  0.002,  0.000,  0.000
 -0.003, 80.150,  0.110, -0.190, -4.823, -1.561,  0.003,  0.000,  0.000
 -0.071, 80.760,  0.113, -0.162, -4.804, -1.575,  0.003,  0.000,  0.000
 -0.111, 81.153,  0.114, -0.144, -4.746, -1.641,  0.001,  0.000,  0.000
 -0.094, 81.228,  0.113, -0.141, -4.715, -1.663,  0.000,  0.000,  0.000
 -0.028, 81.291,  0.113, -0.141, -4.716, -1.668,  0.000,  0.000,  0.000
  0.055, 81.373,  0.113, -0.141, -4.716, -1.670,  0.000,  0.000,  0.000
  0.132, 81.437,  0.113, -0.142, -4.711, -1.682, -0.000,  0.000,  0.000
  0.138, 81.171,  0.115, -0.153, -4.645, -1.729, -0.002,  0.000,  0.000
  0.249, 80.676,  0.116, -0.179, -4.669, -1.713, -0.003,  0.000,  0.000
  0.318, 80.292,  0.118, -0.198, -4.683, -1.709, -0.001,  0.000,  0.000
  0.281, 80.348,  0.118, -0.194, -4.672, -1.706,  0.001,  0.000,  0.000
  0.211, 80.737,  0.117, -0.175, -4.678, -1.700,  0.002,  0.000,  0.000
  0.103, 81.351,  0.116, -0.144, -4.703, -1.674,  0.003,  0.000,  0.000
 -0.027, 82.093,  0.117, -0.107, -4.749, -1.630,  0.004,  0.000,  0.000
 -0.157, 82.798,  0.118, -0.072, -4.773, -1.593,  0.003,  0.000,  0.000
 -0.177, 83.169,  0.119, -0.056, -4.814, -1.564,  0.000,  0.000,  0.000
 -0.089, 83.141,  0.118, -0.061, -4.773, -1.606, -0.001,  0.000,  0.000
 -0.001, 83.059,  0.118, -0.068, -4.720, -1.660, -0.001,  0.000,  0.000
  0.049, 82.958,  0.118, -0.074, -4.726, -1.660, -0.001,  0.000,  0.000
  0.131, 82.781,  0.118, -0.085, -4.730, -1.655, -0.001,  0.000,  0.000
  0.230, 82.575,  0.118, -0.098, -4.747, -1.642, -0.001,  0.000,  0.000
  0.247, 82.473,  0.118, -0.103, -4.738, -1.656, -0.000,  0.000,  0.000
  0.264, 82.461,  0.118, -0.104, -4.726, -1.665,  0.000,  0.000,  0.000
  0.280, 82.513,  0.118, -0.103, -4.717, -1.658,  0.001,  0.000,  0.000
  0.258, 82.689,  0.118, -0.094, -4.715, -1.659,  0.001,  0.000,  0.000
  0.203, 82.872,  0.118, -0.084, -4.733, -1.644,  0.001,  0.000,  0.000
  0.167, 82.987,  0.118, -0.078, -4.760, -1.622,  0.000,  0.000,  0.000
  0.138, 82.948,  0.118, -0.078, -4.756, -1.618, -0.000,  0.000,  0.000
  0.122, 82.852,  0.118, -0.082, -4.775, -1.616, -0.001,  0.000,  0.000
  0.187, 82.743,  0.118, -0.089, -4.739, -1.644, -0.001,  0.000,  0.000
  0.287, 82.699,  0.117, -0.095, -4.725, -1.656, -0.000,  0.000,  0.000
  0.330, 82.749,  0.117, -0.095, -4.730, -1.639,  0.000,  0.000,  0.000
  0.302, 82.965,  0.118, -0.085, -4.764, -1.614,  0.001,  0.000,  0.000
  0.205, 83.313,  0.119, -0.066, -4.770, -1.607,  0.002,  0.000,  0.000
  0.109, 83.698,  0.120, -0.046, -4.786, -1.591,  0.002,  0.000,  0.000
  0.042, 84.010,  0.122, -0.030, -4.840, -1.537,  0.001,  0.000,  0.000
 -0.026, 84.228,  0.124, -0.018, -4.929, -1.458,  0.001,  0.000,  0.000
 -0.051, 84.244,  0.124, -0.016, -4.951, -1.443, -0.000,  0.000,  0.000
 -0.019, 84.036,  0.122, -0.026, -4.904, -1.481, -0.001,  0.000,  0.000
  0.055, 83.763,  0.120, -0.040, -4.860, -1.525, -0.001,  0.000,  0.000
  0.119, 83.562,  0.119, -0.052, -4.809, -1.559, -0.001,  0.000,  0.000
  0.141, 83.644,  0.119, -0.049, -4.839, -1.516,  0.001,  0.000,  0.000
  0.118, 83.955,  0.122, -0.035, -4.948, -1.427,  0.002,  0.000,  0.000
  0.059, 84.422,  0.128, -0.014, -5.030, -1.344,  0.003,  0.000,  0.000
 -0.058, 84.975,  0.138,  0.013, -5.091, -1.286,  0.003,  0.000,  0.000
 -0.187, 85.482,  0.148,  0.037, -5.164, -1.220,  0.001,  0.000,  0.000
 -0.180, 85.380,  0.146,  0.033, -5.195, -1.192, -0.001,  0.000,  0.000
 -0.115, 85.037,  0.138,  0.018, -5.220, -1.168, -0.002,  0.000,  0.000
 -0.022, 84.588,  0.126, -0.002, -5.239, -1.150, -0.002,  0.000,  0.000
  0.063, 84.185,  0.116, -0.020, -5.239, -1.144, -0.002,  0.000,  0.000
  0.118, 83.971,  0.110, -0.029, -5.254, -1.117, -0.001,  0.000,  0.000
  0.134, 84.086,  0.113, -0.026, -5.305, -1.071,  0.001,  0.000,  0.000
  0.122, 84.366,  0.120, -0.016, -5.374, -1.004,  0.001,  0.000,  0.000
  0.065, 84.758,  0.132, -0.001, -5.431, -0.948,  0.002,  0.000,  0.000
 -0.017, 85.216,  0.148,  0.015, -5.472, -0.905,  0.002,  0.000,  0.000
 -0.120, 85.693,  0.165,  0.033, -5.512, -0.867,  0.003,  0.000,  0.000
 -0.193, 86.044,  0.178,  0.045, -5.567, -0.821,  0.001,  0.000,  0.000
 -0.198, 86.007,  0.177,  0.044, -5.600, -0.783, -0.001,  0.000,  0.000
 -0.175, 85.747,  0.168,  0.036, -5.636, -0.751, -0.002,  0.000,  0.000
 -0.100, 85.232,  0.148,  0.022, -5.634, -0.753, -0.002,  0.000,  0.000
 -0.019, 84.739,  0.128,  0.007, -5.620, -0.764, -0.002,  0.000,  0.000
  0.048, 84.431,  0.116, -0.003, -5.626, -0.747, -0.001,  0.000,  0.000
  0.073, 84.433,  0.115, -0.004, -5.666, -0.693,  0.001,  0.000,  0.000
  0.062, 84.676,  0.124,  0.002, -5.763, -0.614,  0.002,  0.000,  0.000
  0.011, 85.169,  0.145,  0.012, -5.859, -0.520,  0.003,  0.000,  0.000
 -0.089, 85.791,  0.173,  0.023, -5.949, -0.429,  0.003,  0.000,  0.000
 -0.222, 86.528,  0.209,  0.033, -6.046, -0.337,  0.003,  0.000,  0.000
 -0.290, 86.957,  0.229,  0.038, -6.094, -0.294,  0.001,  0.000,  0.000
 -0.273, 86.914,  0.227,  0.037, -6.095, -0.291, -0.001,  0.000,  0.000
 -0.215, 86.673,  0.214,  0.035, -6.114, -0.273, -0.002,  0.000,  0.000
 -0.094, 86.287,  0.193,  0.032, -6.161, -0.232, -0.002,  0.000,  0.000
  0.002, 85.998,  0.177,  0.030, -6.189, -0.193, -0.001,  0.000,  0.000
  0.041, 85.912,  0.172,  0.030, -6.224, -0.138,  0.000,  0.000,  0.000
  0.072, 86.001,  0.174,  0.030, -6.263, -0.104,  0.001,  0.000,  0.000
  0.111, 86.194,  0.181,  0.030, -6.284, -0.097,  0.001,  0.000,  0.000
  0.093, 86.548,  0.196,  0.030, -6.276, -0.104,  0.002,  0.000,  0.000
  0.017, 87.078,  0.222,  0.030, -6.303, -0.077,  0.003,  0.000,  0.000
 -0.073, 87.719,  0.253,  0.029, -6.319, -0.060,  0.003,  0.000,  0.000
 -0.178, 88.404,  0.286,  0.028, -6.303, -0.074,  0.003,  0.000,  0.000
